Iteration,Prompt,CLIP_Sim,LPIPS,RMSE,Combined_Score
Baseline,"A solitary palm tree stands on a rocky base in the ocean, with gentle waves lapping at its roots as the sun sets on the horizon.",0.8856399655342102,0.8005614280700684,66.59451348191811,0.420956
1,"A palm tree stands alone on a rocky outcropping in the ocean, with soft waves lapping gently at its base as the sun dips below the horizon.",0.8613452911376953,0.75493985414505,64.60110915047294,0.403200
1,"An isolated palm tree on a rugged rocky base is battered by gentle ocean waves as the sun sets over the distant horizon in a warm, soft light.",0.867527425289154,0.7630835771560669,62.41295516429078,0.442699
1,"A highly detailed solitary palm tree stands resolute on a weathered rocky base in the ocean, with the last rays of sunlight reflecting off the gentle waves lapping at its roots.",0.9090521335601807,0.7329073548316956,58.05526404462247,0.712412
1,"A majestic palm tree stands proudly on a rocky islet in the ocean, with the fading sunlight casting a warm orange glow on the gentle waves lapping at its base.",0.9039804935455322,0.7835850119590759,68.48474997880528,0.502646
1,"A realistic, 4k-resolved palm tree stands solitary on a rugged, rocky base in the ocean, surrounded by a serene atmosphere of soft, lapping waves and a setting sun.",0.8957202434539795,0.8008989691734314,60.779007202830954,0.528720
2,"A highly stylized solitary palm tree stands resolute on a rugged rocky outcropping in the ocean at dusk, with the last rays of sunlight reflecting off the gentle waves lapping at its roots.",0.8973968625068665,0.7548853754997253,59.286151471316124,0.617551
2,"A highly detailed and well-composed photograph of a solitary palm tree stands resolute on a worn rocky base in the ocean, with the last rays of sunlight reflecting off the gentle waves lapping at its trunk.",0.8859609365463257,0.736355185508728,55.68405659432431,0.634772
2,"A highly detailed oil painting of a solitary palm tree stands resolute on a worn, weathered rocky base in the ocean, with the last rays of sunlight reflecting off the gentle waves lapping at its roots.",0.8326702117919922,0.7245911359786987,57.07131884538115,0.406859
2,"A highly detailed and serene image of a solitary palm tree stands steadfast on a rugged rocky promontory in the ocean, with the last rays of sunlight casting a warm glow on the gentle waves lapping at its base.",0.8799505829811096,0.7643658518791199,60.12489355613478,0.519823
2,"A highly realistic and highly detailed photograph of a solitary palm tree stands resolute on a rocky shoreline in the ocean, with the last rays of sunlight reflecting off the gentle waves lapping at its roots and a few seagulls flying in the distance.",0.892099916934967,0.6562932133674622,49.97259148901926,0.837941
3,photorealistic and detailed photograph of a single palm tree standing firm on a rocky shore at sunset with gentle waves reflecting off its roots,0.8931000232696533,0.7887586355209351,66.8526786484591,0.466798
3,a highly detailed and realistic digital painting of an isolated palm tree on a rugged shoreline with seagulls flying above in the fading light,0.7927144169807434,0.6679593324661255,51.90205484377389,0.372790
3,a breathtaking 4k photograph of a lone palm tree standing tall on a rocky coastline with the last rays of sunlight shining off the ocean's surface,0.9019008278846741,0.7162730097770691,56.205643951724234,0.725807
3,a highly realistic and detailed depiction of a solitary palm tree on a rugged shoreline surrounded by calm ocean waters and a few soaring seagulls,0.8104510307312012,0.6238150000572205,46.089208123051705,0.576229
3,a highly detailed and realistic masterpiece of a single palm tree standing on a rocky shoreline bathed in the warm golden light of sunset.,0.8773465156555176,0.7639804482460022,60.49914358214201,0.504997
4,"A highly detailed, 4k resolution, realistic photograph of a solitary palm tree stands resolute on a rocky shoreline in the ocean, with the last rays of golden sunlight reflecting off the gentle waves lapping at its roots and a few seagulls flying in the distance",0.869210422039032,0.6933835744857788,52.20490281427892,0.662284
4,"A solitary palm tree stands steadfast on a rugged shoreline, bathed in the warm glow of sunset, with the calm ocean waves gently lapping at its base and a hint of seagulls soaring in the sky",0.9066375494003296,0.7468820810317993,55.203691042170014,0.714137
4,"A highly realistic and detailed digital painting of a palm tree stands tall on a rocky, windswept shoreline, with the soft focus of sunset hues reflected in the gentle waves and seagulls flying low in the distance",0.8807022571563721,0.7344413995742798,56.19710863106208,0.609145
4,"A photograph of an isolated palm tree firmly rooted on a rocky shoreline, its tranquil atmosphere illuminated by the soft, golden light of the setting sun, with seagulls flying high overhead and the ocean waves caressing its base",0.825915515422821,0.7255276441574097,55.971885425615554,0.388779
4,"A highly detailed, hyper-realistic image of a solitary palm tree stands resolute on a rugged, rocky shoreline, with the soft focus of sunset hues reflected in the gentle waves and a few seagulls flying high in the fading light",0.9077940583229065,0.7364354729652405,57.376350090833704,0.709602
5,"A highly realistic and breathtaking photograph of a solitary majestic palm tree stands firmly on a rugged rocky shoreline in the ocean, with the warm last rays of sunlight softly reflecting off the foamy waves gently lapping at its roots and a few distant seagulls flying in the fading light",0.8803480863571167,0.7072139978408813,55.51873550634658,0.653634
5,"A highly detailed and stunning digital painting of a serene solitary palm tree stands strong on a weathered rocky shoreline in the ocean, with the vibrant last rays of sunlight reflecting off the calm waves softly lapping at its roots and a few seagulls soaring in the distant sky",0.8803988695144653,0.7063855528831482,52.74415423407141,0.685995
5,"A 4k ultra-high-definition photograph of a highly realistic solitary palm tree stands proudly on a rugged rocky shoreline in the ocean, with the warm last rays of sunlight strongly reflecting off the gentle waves lapping at its roots and a few seagulls flying in the distance",0.823064386844635,0.6865620613098145,52.009748979578134,0.475765
5,"A highly detailed and breathtaking masterpiece photograph of a solitary palm tree stands resolute on a weathered rocky shoreline in the ocean, with the warm last rays of sunlight softly reflecting off the gentle waves lapping at its roots and a few seagulls flying in the distance",0.9036513566970825,0.7361401915550232,56.64838015634787,0.700341
5,"A highly realistic and highly detailed digital painting of a solitary palm tree stands firmly on a rugged rocky shoreline in the ocean, with the vibrant last rays of sunlight reflecting off the calm waves gently lapping at its roots and a few seagulls flying in the sky.",0.8576868772506714,0.6841953992843628,53.297468402333074,0.613533
